body,postNum
Wtf is Moody and why aren‚Äôt they doing this shit during the trading day to help my puts?,0
Raise your hand if you didn‚Äôt get slaughtered today,0
"Bears, get your asses back to the daily thread.",0
[deleted],0
I have lost everything in my life,0
"A reminder that the mod team is still waiting for Reddit to let us know about the moon contract. They have told us earlier this week they will get back to us by end of this week.

See here for latest update: [https://www.reddit.com/r/CryptoCurrencyMoons/comments/17rem9d/is\_v2\_still\_in\_the\_works/k8ij6qd/](https://www.reddit.com/r/CryptoCurrencyMoons/comments/17rem9d/is_v2_still_in_the_works/k8ij6qd/)

Update - November about to get booked out for AMAs - last two days being confirmed now. This means we will have 7 AMAs booked for November. :) Note the next one about to go live soon.",1
Beautiful sight ETH >2k. Beautiful sight.,1
We are now in a ‚Äútaking profit‚Äù phase where some ppl sell to win the market just to FOMO back at 40-45k,1
"There's so few of us here now, this feels like a meeting of cryptolics anonymous. 

""Hello everyone, my name is BTC_Clueless and I can't stop looking at charts.""",1
Cro to 1$ guy must be getting hope again,1
"Something we've learnt in crypto is that having ""moon"" in the name is always bad news.",2
At some point you‚Äôve lost so much that your brain refuses truth.,2
"Lmfao 

Moons 

Safemoon 

LUNA (moon)",2
"Hell, the word ‚ÄúSafe‚Äù was a huge red flag for me!",2
"It had ""Trust me bro"" written all over it",2
"Housing has never been less affordable.

""Median Sales Price of Houses Sold for the United States/Median Personal Income in the United States""

https://fred.stlouisfed.org/graph/?g=19On5

1974 6.8x

1984 7.7x

1994 8.2x

2004 9.4x

2022 11.3x",3
"Introducing my daughter to investing

My daughter has a bank account that we opened for her back when she was born. It has about $2,000 in it and she‚Äôs dying to take it out to spend on stupid things she doesn‚Äôt need. We keep having the same argument about how it‚Äôs her money and she should be able to do whatever she wants with it, but obviously we aren‚Äôt going to budge here. We started talking to her about investing it and having it earn more money for her without her having to do anything. It was a successful tactic. She‚Äôs very into this idea.. only problem is my husband and I have no idea where to start. Where is the best place to open an account for her? What should we be looking for? I thought it might be fun for her to buy some stocks in companies she know about but I know ETFs are the better option. If this were your daughter‚Ä¶ what would you do?",3
"Wow, the PRPL earnings are bad. Is a company *defaulting* on a loan based on not getting their loan servicer the correct paperwork a common occurrence? This seems like pretty dysfunctional management if we look at this as incompetence, and financial straits if they're delaying getting their loan servicer the accurate paperwork intentionally. Am I reading too much into this? The market clearly didn't like the earnings with -30% today so far.",3
"How do people feel about the surprising, especially given Middle East situation, low gas prices? No short term plays but worried about long term stability and how that effects economy or investments larger scheme",3
How old is your daughter?  I would recommend looking into a [529 plan](https://www.fidelity.com/529-plans/what-is-a-529-plan) if she is under age.,3
"Your post has been removed because it is inappropriate for r/investing. We get too many of these topics every day and to prevent them from swamping the front page, we are removing main threads of this kind.

Topics about economics which are not related to investing or the capital markets will be removed. 

Questions about personal finance should be directed to the daily discussion thread. 

The rules and guidelines can be found here - [Rules and Guidelines](https://www.reddit.com/r/investing/wiki/index/rules)
    
If you have any issue with this removal, please contact the moderators via modmail. Thank you.",4
"You can look for yourself and see the long term trends in housing affordability here*. 

Right now the house price to income ratio is ~7 in the US and ~8 in the UK. That's quite high relative to 1960s to 1990s numbers when the ratio was around 4 for the US and about 5 for the UK. This doesn't include interest rates and most of the time in the 60s through 90s time the interest was higher than it is today, sometimes by quite a lot. 

Right now the yield curve is inverted so the bond market thinks that the good place for 30 year rates is ~4.8% which is pricing in a rate cut by the Fed to ~4.5% at some point. There are other here that know more about yields and bonds than I do but we kinda need a 'normal' rate to continue the conversation. If Fed rates in the second quarter of the century are around 4.5% then they are a good amount lower than the end half of the 20th century so you would expect house prices to be higher. Maybe a decent guess is a 6x income from the rate talked about previously. So that 560k house (about average right now) right now should, over time, come down to 490k in 2023 dollars. This all said predicting the housing market for the next 30 years is very hard if not impossible. 

The take away message that I would state is: the housing prices of today aren't nearly as out of step as some think they are. The deltas that we are talking about in the aforementioned ratio are between 4 and 7, with 7 being more likely as interest rates get lower (this also doesn't include that average home size is a lot larger). Saving up for a down payment (generally the hardest part of house ownership) isn't that different if the multiple on average income of 5, 6, or 7. For a 20% down payment this would mean saving 84k, 98k, or 112k respectively at todays income levels. If saving 112k is impossible for you then saving 84k is also probably not possible.

*Source: https://www.long term trends.net/home-price-median-annual-income-ratio/

Edit. r/investing didn't like my source so I added spaces",4
"The short answer is, no its probably not getting better for the foreseeable future. Rates will wobble around but, the supply issue is a huge bottleneck that we'll be dealing with for a long time, like a decade.",4
If you want to live in an area where it's highly competitive and everyone wants to live in then no that will never change. Other areas where there isn't a bidding war should get easier to buy once the rates come down in a few years.,4
"People underestimate how much money is on the sidelines in these competitive areas. I live in the Bay Area suburbs and during the covid boom, 
home prices almost doubled in a matter of 2 years, yet homes were selling in a day for 10% over asking, sometimes in all cash.

Example a 2000sq ft home previously worth 1M in 2020 would get listed for 1.8M in 2021 and sell in a day for 2M.

I thought maybe the massive tech layoffs and 7-8% interest rates would lower prices here, but houses are still selling for the same prices they peaked at 2 years ago at 2-3% rates, but they might just sit on the market for couple weeks now. In terms of mortgage that means people are willing to pay 3x what they would‚Äôve paid 2 years ago. It‚Äôs crazy. 

I imagine once interest rates lower and the economy improves we‚Äôll see prices going even higher and houses selling even faster.",4
"Did they talk to you about your risk tolerance before making this portfolio? If no, fire them immediately.

If yes, further details are needed",5
Consumer discretionary is a bold pick when the fed is actively trying to slow down discretionary spending but low cost index funds are just too cheap now to have someone else try to ‚Äúbeat the market‚Äù. Only reason you might think of a FA is to decide what percent of assets you want in the market vs bonds vs cash but hiring someone to stock pick typically doesn‚Äôt end well,5
Man how hard is it to just purchase VOO and legit do nothing. Why do people seriously need to pay some monkey to screw around with their money.,5
"Why tf do y‚Äôall get financial advisors for portfolios that aren‚Äôt even hitting a million.

Just invest in voo/fxaix and you‚Äôre good to go.",5
"My brother in law once asked his advisor what to buy, no risk talk was taken he just straight up said buy TQQQ.

Thankfully he talked to me about it and I said that leveraged investment was not what he seeked.

Mid 2022 The next week we talked  the market was down bad",5
"Huh, this would be a good place for my wife and I to store our last pass master passwords. And probably a document of all of my various accounts. Cool find.",6
"I have been using FidSafe for a few years to archive many of our important documents. 

I also urge everyone to use a secure password manager. I use a free one called BitWarden (it syncs passwords from PCs to phones as well). You can periodically export your passwords to a file and archive that as well.",6
I am using Bitwarden for this.,6
"Didn't hear about this before, but cool feature.   Thanx bro",6
Didn‚Äôt know this existed.  Thanks for sharing it.,6
"This is called a carry trade and it isn‚Äôt an arbitrage because you have currency risk. If you tried to hedge out your currency risk by trading, for example, a USD/JPY currency swap or forward you will find this interest rate differential is already priced in, removing any chance of arbitrage.",7
"FX volatility will swamp any interest rate arbitrage over time. Because mortgages are consumer facing, politics will get involved. Poland is a good example of this.   
 Years ago, lenders in Poland issued 100's of thousands of Swiss Franc mortgages because of the rate differences versus Polish Zloty rates. As the Zloty devalued 33% against Franc over the last 10 years, borrower defaults were huge as their outlays far exceeded what they had expected. European courts have stepped in and ruled the mortgages have unfair terms to the borrowers. Lenders are writing off billions of dollars.",7
"Screwing around with residential mortgages isn't necessary.  

But the first thing to understand is covered interest rate parity.   If you want to eliminate currency risk, you could use forward contracts to lock in the future exchange rate.  Eg borrow yen.  Convert to USD.  Buy treasuries (this is the part where you don't need ti even mess with mortgages but the same ideas will hold). Enter forward contract to turn needed USD back to yen to pay off the borrowing.  So is this free money?  The answer is .... no.  This opportunity is arbitraged away.  The forward contract on the yen--USD trades at the price such that the interest rate differential is wiped out.  Basically the forward market is pricing in an appreciation of the yen and depreciation of Colombian pesos. 

Now where things do get interesting: is that forward rate actually a good predictor of what the future exchange rate will be?  And the evidence here is sort of - directionally yes but betting that the moves will be less significant than predicted (that is borrowing low interest rate and investing higher and NOT hedging), at least in major currencies, has likely generated a profit.  Note these profits aren't normal distributions- more small wins and big losses.  Still it has paid off more often then not.  This trade is called the carry trade, and it's big, and levered.",7
"One other thing to add: even if you ignore the cost of hedging, there's no need to get into the business of retail lending/loan servicing (which is complex and expensive, particularly for secured debt like a mortgage) in order to run a carry trade. You can just buy bonds denominated in the local currency.

Borrow Yen, convert to Dollars, buy US agency mortgage bonds. Voila. You're funding mortgages via carry trade. (When you actually try to do this, one of the first things you'll find is that your rate for borrowing Yen is significantly higher than the rate for a mortgage in Japan, unless -- maybe -- you're a huge operator with a good credit rating.)",7
Also no need for a ‚ÄúVC back tech company‚Äù to do regular bank stuff.,7
"My [last post](https://www.reddit.com/r/stocks/comments/11ezwar/rate_my_portfolio_rstocks_quarterly_thread_march/jah0b73/) was 6 months ago.

To recap, a brief overview of my strategy, that has not since changed:

> I am 26, so I have several decades until retirement. My goal is to hold the stocks in my portfolio perpetually, though I'm not reserved to make adjustments and sell when a) I see an opportunity to take profits b) my thesis changes. My long term goal is passive income generation, though I don't chase yields. I don't pay much attention to valuation or macro, as I think that since I plan on holding these stocks for decades while buying every month, those don't matter to me much.

> I invest regularly every month, so I'm okay with buying at a higher valuation at times and lower valuation at other times. In my opinion, buying at the best possible time is more difficult than buying a good company. That said, if I see an undervalued stock I like, I don't hesitate to buy more and when I make my regular contributions, I try weigh towards stocks that might have been beaten down or seem undervalued.

> I like stocks that are quality companies with:

> -	A sustainable business model - high cash flow generation, high ROIC / ROCE, good balance sheet. Bonus points for recurring, diversified revenue, and optionality.
> -	Business model and products I understand, or at least understand their value. I don't think I'll ever understand ASML's machines, but I understand why it's one of a kind company.
> -	A wide moat. Bonus points are for brand value, network effect, IP, barriers to entry / high switching costs, supply chain, etc. I am okay with paying a high multiple for a company that cannot be replicated by throwing money at the problem. Almost every company I own scores very high in this regard in my own checklist.
> -	High margins. I focus mostly on gross margin, but consider other margin metrics, too.
> -	Sustainable buybacks and dividend growth.
> -	Great management.

I made some changes to my portfolio:

- I no longer own the CARB carbon allowance ETF. It was good for some hedging but I wanted to simplify my approach a bit.
- I no longer own small cap and EM ETFs. I only have MSCI World ETF (15%) and MSCI World Quality ETF (10%). I wanted to intensify my focus on quality companies and simplify my approach.

- I sold BN & BAM, UNP, LMT, ADBE, JNJ. I was no longer comfortable with Brookfield's structure and my lack of understanding it, so I sold all my Brookfield holdings after almost 4 years I've held them. ADBE had really nice growth and I felt better taking the profits. I like that they will probably adapt to generative AI pretty well. I love the company and might buy back later. UNP, LMT, JNJ are all good but I think I wanted to focus on more innovative (less so with LMT) and consumer oriented businesses (less so with JNJ).

- I bought LVMH, LLY, PM, IDXX, ZTS, L'oreal, META. I briefly held EL which I sold (at loss) and bought L'oreal instead.

- I increased the weights of my core holdings. 6 of my stocks (MSFT, AAPL, ASML, V, MA, NVO) account for >50% of my stocks, 9 (+ LVMH, GOOG, COST) account for 50% of my overall portfolio.

My current holdings:

| **Name**                        | Ticker | Return | Weight | Target weight |
|---------------------------------|--------|-------:|-------:|--------------:|
| **MSCI World**                  |        |  23,7% |  14,6% |         15,0% |
| **MSCI World Quality**          |        |  31,9% |   9,8% |         10,0% |
| **Microsoft**                   | MSFT   |  51,9% |   7,6% |          6,5% |
| **Apple**                       | AAPL   |  48,2% |   6,8% |          6,5% |
| **ASML Holding**                | ASML   |   9,7% |   6,4% |          6,5% |
| **Visa**                        | V      |  15,1% |   6,2% |          6,0% |
| **MasterCard**                  | MA     |  20,1% |   5,8% |          6,0% |
| **Novo Nordisk**                | NVO    |  31,1% |   5,2% |          5,5% |
| **LVMH**                        | EPA:MC |  -5,9% |   5,0% |          4,5% |
| **Costco**                      | COST   |   6,8% |   3,8% |          4,0% |
| **Alphabet**                    | GOOG   |  33,3% |   4,5% |          3,5% |
| **Eli Lilly**                   | LLY    |  15,1% |   1,9% |          3,5% |
| **The Home Depot**              | HD     |  13,1% |   4,4% |          3,0% |
| **Ulta Beauty**                 | ULTA   |   3,9% |   3,8% |          3,0% |
| **Intuitive Surgical**          | ISRG   |  71,7% |   3,4% |          3,0% |
| **Meta Platforms**              | META   |  51,3% |   2,9% |          3,0% |
| **L'Oreal**                     | EPA:OR |   2,1% |   1,5% |          3,0% |
| **Philip Morris International** | PM     |   1,2% |   2,7% |          2,5% |
| **Zoetis**                      | ZTS    |  14,6% |   2,1% |          2,5% |
| **Idexx Laboratories**          | IDXX   |   5,1% |   1,4% |          2,5% |

I view all of these as great companies with a history of compounding and a great future driven by secular trends. I think the themes of my portfolio are pretty clear:

- Big tech with massive cash flows and wide moat (AAPL, MSFT, ASML, GOOG, META). I was hesitant about buying Meta, but the numbers are so good. The semiconductor business is too complicated for my liking, so I tend to avoid those companies (I briefly owned AMD and NVDA a few years ago). ASML is even more complicated, but that's part of the monopoly and it seems like they are decades ahead of any competition, especially with protectionist policies from the US and EU. NVDA matches a lot of what I look for in the company, but I think there is and will be too much volatility, so I'm not buying it.

- Toll booth companies for a world with growing cashless payments (MA, V). Some of the greatest businesses in the world. Not much more to say. There might be competition in the future, but their scale gives them so many advantages.

- Aging society, obesity, diabetes (NVO, LLY, ISRG). NVO and LLY are probably the two best pharma companies in the world. They might seem overvalued, but once you look into the companies, you realize they really are that great. NVO and LLY now also pretty much make miracle drugs with an ever increasing number of patients. Even without Wegovy / Ozempic / Mounjaro they have amazing numbers. Now they'll have walking happy advertisements walking around. The benefits of the drugs clearly outsize the side effects, so once it becomes accessible, it will be great business.

- Quality retail / consumer stocks with loyal customers, good business models, high market share (LVMH, COST, HD, ULTA).

- Luxury, beauty, cosmetics (LVMH, ULTA, L'oreal). LVMH is an incredibly well managed conglomerate, probably one of the greatest in the world. There are companies that are centuries old and it's unbelievable how huge they made the luxury market. I recommend the [Acquired podcast episode](https://open.spotify.com/episode/7lMY1C8AMFinpVMTgAH9D9) about the company. ULTA has incredible customer loyalty and growth. I'm curious if they can expand internationally sometime later. L'Oreal is similarly a giant conglomerate. I at first went with Estee Lauder, but it seems like the next few years will be volatile. I believe EL will be very strong in the future, but I don't want to risk the short term volatility. L'Oreal is very similar and the entire beauty industry is very hard to penetrate because these two companies and a few other have consolidated so much of the market and they will buy out any potentially large competitor. I can't see it ever changing. I can't imagine a future where this trend of skincare, beauty is ever reversed, and it only stands to grow as these generations grow older and healthspans grow longer all around the world. I am sure ULTA and Sephora (within LVMH) benefit from this as well.

- A growing market of pet owners who grow ever closer to their companions (ZTS, IDXX). It's crazy how close millenials and gen Z are to their pets. They are part of family. They are already willing to spend so much on their pets at the expense of their own comfort. As their pets grow older, they will be even closer and they will need to spend a lot on their care. IDEXX has the benefit that diagnostics is much more important with pets as they cannot communicate their symptoms.

- Not really a theme, but for some nice dividends I got a nicotine holding, I went with PM. This is one I've hesitated about a lot. I'm not going to write a whole analysis, since it's such a small holding, but I don't see our society ever leaving nicotine and I expect we will see a huge continuing growth in smokeless nicotine products. This might sound contrarian, but I wouldn't be surprised if nicotine was much more normalized in the future (in decades time) as a supplement similar to caffeine. The winners will almost certainly be big tobacco companies as it is and likely will remain a highly regulated market with high entry barriers. Even if that doesn't happen, I think there is still money to be made in cigarettes, as even though the number of smokers decreases in most of the world, the revenue is not dropping yet. And I think there is a generation of nicotine addicts growing up in most of the world due to flavored vapes and nicotine pouches.",8
"25% TSLA  
25% NVDA  
25% MSFT  
25% AAPL",8
"My Portfolio; I haven't changed it much but over about 2 years I've had a 44% gain.  
AMD: 17%  
GOOGL: 4%  
F: 2%  
INTC: 10%  
MSFT: 24%  
NVDA: 35%  
ORA: 8%",8
"MSFT - 19%

AMZN - 19%

MA - 19%

ALPHABET - 15%

AMD -14%

FSLR - 14%

Recently ditched dividend investing in UK companies as it was doing nothing but losing me money.
Would like to add 2 more to my portfolio but undecided what.",8
Is it safe to assume everyone else hates the new yahoo finance as well? They took all the information I actually care about and mashed it into a tiny sidebar. 90% of the screen is wasted space.,9
"u/Hazardous503, u/InternationalTop2405

Keep up the good work guys. You guys are the best buy signal this sub can ask for.

Look at this post International made asking what this pattern could mean on WALLSTREETBETS. He is very uncertain. [https://www.reddit.com/r/wallstreetbets/comments/17q95fn/false\_breakout\_or\_ath\_soon/](https://www.reddit.com/r/wallstreetbets/comments/17q95fn/false_breakout_or_ath_soon/)",9
"CROCS wearers: ""I don't care if you think my shoe is awful!""

CROX investors: ""I don't care if you think my stock is awful!""

As long as CROX customers üíé feet their clogs, I will hang onto my shares.

If they believe in the shoes, I must believe in the customer.",9
"Investors - Happy when stocks drop and buy more

Gamblers - Sad when stocks drop and sell out",9
Imagine listening to Everything Money the last 2 years and staying out of NVDA,9
"Good thing to spread out this tech out and get it outside Taiwan, just in case.  Should be a good boon for the J economy as well.",10
"I don't understand Japan's average age is 49 and they don't let in foreign workers ... who's going to work in those factories so that Japan gets their return of Investment ? 

same goes for Germany",10
Robots.,10
"Like many nations, Japan has a visa program specifically aimed at highly skilled workers. Fwiw Japanese program is far easier than any equivalent program in the US.",10
"Except you have to work at a Japanese company. Which is.. less than fun, generally.",10
"Hi, you're on r/Stocks, please make sure your post is related to stocks or the stockmarket or it will most likely get removed as being off-topic/political; feel free to edit it now and be more specific.

**To everyone commenting:**  Please focus on how this affects the stock market or specific stocks or it will be removed as being off-topic/political.

If you're interested in just politics, see our wiki on [""relevant subreddits""](https://www.reddit.com/r/stocks/wiki/index) and post to those Reddit communities instead without linking back here, thanks!

*I am a bot, and this action was performed automatically. Please [contact the moderators of this subreddit](/message/compose/?to=/r/stocks) if you have any questions or concerns.*",11
"This is one data point. However, I also think consumers tend to react to news as well. We've been hearing recession fears all year long so not surprised consumers feel less confident. If the news outlets tomorrow started saying recession isn't going happened, and economy is great then I can see consumer confidence change .",11
Meanwhile 88% of companies who have already reported have beat earnings‚Ä¶,11
"It was back in July & August that news media flipped the script to Soft Landing and Economists (including the Fed) raised projections out of recession territory. 

I don‚Äôt think this downturn correlates with bad sentiment. It‚Äôs probably due to oil & rates being high last month.",11
"Inflation expectations are almost certainly lagging the data at this stage. Cleveland Fed is now casting CPI M/M at 0.14 for October and November. NFP was soft as well with U3 moving up. 

Inflationary pressure is abating.",11
"Turns out losing money for 10 years isn't great for shareholders.

At least that's my guess. As to why today? They doubled their losses this quarter YoY coupled with a meager 5% increase in revenue. Margin crashed, Hydrogen supply low. Not great for a business struggling to make a single cent. They might dilute shareholders to raise money, who knows.

To me it's just another green dream slowly moving back to reality. The COVID green stocks boom really was something else.",12
"Homie stop listening to Reddit for stock advice . Lucid, upstart, plug.. did you also have AMC, CLOV, and others lol",12
Company put out an earnings warning that if it did not find liquidity or Government loan it had a serious on going concern.  https://finance.yahoo.com/m/1acce86b-67f8-381e-a303-23f381f45f85/plug-power-stock-crashes-the.html,12
"$198.7 million revenue

$283.5 million net loss

Why this company even exists",12
Terrible company and only exists to be a pump and dump so the executives get paid and the shareholders get left holding the bag. I am honestly convinced that anybody who bought this company has never read a single financial statement in their entire life cause nothing about it is good.,12
">Also consider whether your ""collision"" and ""comprehensive"" deductibles coverage is appropriate or necessary, especially if you have an older car or significant savings. Eliminating or reducing these types of coverage can reduce your insurance bill, but you'll be left on the hook to replace or repair your own car if you (or mother nature) damage it.

I looked into this recently and found that the reduction on my insurance cost was so small (<20%) and the repayment period was so long (>50 months), that it would make no sense to drop it. 

Do wish I could find cheaper insurance though... it's by far my highest monthly bill.",13
"updated my out of pocket deductible and saving quite a bit on the six month preimum. have enough cash on hand where this makes sense. since i drive defensively and have only been in a few accidents in 20 years of driving (both not my fault), i think it is logically the right choice with how much i will save per year. should have done this earlier to be honest!",13
Upped my homeowners liability coverage to a million from 300k for $4 a month. Well worth it for a few neighborhood golddigger dog walkers. They are not smart enough to walk their dogs safely but know to call the lawyers when something bad happens because it‚Äôs never their fault (like crossing construction barricades).,13
"Great idea, shaved about $500 from our homeowners insurance after making some upgrades!",13
"Didn't do any changes, but my renewal letter came through, and after the pay in full discount, it was 38.5% higher than last year.

Called my guy, and he re shopped, and re quoted through my current provider. Instead of an increase of 38.5%, im not saving about $80 over last year for the exact same coverage on the exact same vehicles. My house had no major change.",13
"Victory of the week: 

I finally hit $20k in my HSA.  It took FOREVER once I hit 19K to get to 20k.

I know it's a temporary thing, cuz Monday the markets will go down and I'll be sub 20k (psychological thing)",14
"My victory is that I got a part-time job paying $26 an hour on an ambulance with unlimited hours. 

My next step is to sell my car and get into a cheaper one. I own a Japanese luxury vehicle that takes premium gas and costs me $230 in insurance every month. I‚Äôm 23 in a HCOL state. 

Hoping to sell it. It has $14k left on the loan and CarVana will only give me 10k. Best option I would think is Facebook marketplace? I‚Äôm thinking I can get 16k in private sale. It‚Äôs a great car with no problems, I just need to get a Corolla because it‚Äôs the responsible thing to do.",14
"I changed positions a month ago and now I'm not working such stressful hours anymore. My pay is less than what I was making on my old schedule, but spending is down an entire 437% over the last month.

By reducing my hours, I can finally cook instead of buying tasteless sandwiches from my work's cafe, I have time to actually brew coffee instead of buying energy drinks/cafe coffees, and I stopped taking vitamins and supplements for the nutrient deficiencies I developed.

I was scared to make the change and reduce my pay, but with the amount I'm saving, it's worth it.",14
"Friends, what's better, the market fund or the hysa?

If Fidelity's SPAXX (core position FZFXX) is yielding 4.99%, why would you keep this money in a HYSA? They're both subject to taxes. Help me understand where I should park my free cash.",14
HYSAs with companies like Betterment and SoFi‚Ä¶ seems too good to be true‚Ä¶ are they FDIC insured? What‚Äôs the exposure? What am I missing?,14
"It probably was, but if no premiums have been paid in recent years, the policy pays the premium from its accumulated wealth.

Also, his premium might have been extremely low.",15
"Yes, but I don't think you want to go that route.

This is why life insurance is typically not a good investment. You only really make money if you die.",15
"Yes, $1,000 policies were a thing - older policies were less. The average cost of a funeral in the 50s was near $800. 

The premium payments would have been equally small. Overtime the policy would have built cash value and received dividends to grow the internal value. The death benefit is certainly higher than $6,500. 

That internal value could have been reduced by missed payments and policy loans. 

No one can say if it was a bad investment without an idea of the total premiums paid or policy loan history. For a quick illustration, $500 invested in 1950 earning 4%, would be worth $8,258 this year. It‚Äôs unlikely your grandfather paid $500 into this policy until well into the life of the policy. 

If you really want to know the ROI on the policy then ask NYL for the cost basis. You probably want to know that before surrendering because $6500-cost basis is the taxable gain (the owner will get a 1099).",15
It was likely less than $25/year.,15
"It‚Äôs not an investment. It‚Äôs insurance. It‚Äôs not to make money. It‚Äôs to make sure if you die your family isn‚Äôt screwed. 

Pay the house off, take some time off, grieve, heal, move forward.",15
"They want to be able to convince you to buy more stuff when you sit down with the finance person.  Paint protection.  Extra warranty.  Blinker fluid.  etc... etc...

> I'm 5 hours away from home fighting with the dealership over unexpected fees.

To address this, make sure you have an OTD (out the door) price *in writing*.  This is how to better assure you avoid your concern.",16
"If a car salesman literally said, ""bring a blank check"" I wouldn't do it. I've never heard of a salesman being that upfront about his intentions to rip you off.",16
"Don‚Äôt pay ahead of time. Give all necessary info to get a final price, as an invoice in writing. Take the cash and get cashiers check from bank for exactly the amount. You don‚Äôt want to travel with large amounts of cash. While totally legal, you expose your cash to theft and asset forfeiture. 

Did this a while back when make and model of car I wanted was out of state at dealership near an airport with direct flight. Dealership even picked me up at airport.

At dealership, you will be up sold on all sorts of options. Politely decline, ask for documents/brochures of the extended warranty or what ever else they will try to sell to take home, that‚Äôs the easiest way to I‚Äôve found to exit quickly. Unfortunately, even with all that it will take an while.",16
"The dealer is salivating on the prospect of the sunk cost OP.  Years waiting,  flight up and no transportation home.",16
This! I‚Äôd say you‚Äôre shipping it and you need an invoice. Pay that then go pick it up yourself. That way you don‚Äôt even have to talk to anyone. Done it a few times on used cars.,16
"I had a similar issue with my kitchen sink. Landlord said they won‚Äôt pay if it‚Äôs a user problem. In the end it wasn‚Äôt, it was years of build up and needed professional help. I sorted out the plumber and keep the landlord in the loop. They paid for everything when I sent them the invoice. Maybe talk to the landlord about it? Granted, I live in the UK and my landlord is reasonable",17
"Don‚Äôt know where you are, but my lease said the same thing yet state law overrode it. The landlord is usually responsible for plumbing.",17
"I rented a house in a beach town in Texas whose owner lived in Seattle, and who was somewhat of a ""bohemian,"" didn't have much money to do upkeep on his property. Our water heater failed one winter (old unit/normal wear). I reached out to tell the owner, who asked me to foot the bill and then deduct $100/month from my rent until it was paid off. The plumber came and replaced the heater, charging a fair market price. I told him to bill the owner.",17
"FYI, you shouldn‚Äôt assume that something is legal or enforceable just because it‚Äôs in your lease. Landlords put illegal things in leases all the time. Even if you sign a lease, they can‚Äôt enforce terms that are counter to city/state/federal law.

So if I were you, I would look up local rental laws and tenant‚Äôs rights information. It may be the case that the landlord *is* legally responsible for plumbing costs even if he says he‚Äôs not. If you find that, send him the info and a copy of the bill. Worst case scenario, you could take him to small claims court.

Of course it may be perfectly legal‚ÄîI don‚Äôt really know the law in this case, and laws vary a lot in different jurisdictions anyway. But don‚Äôt just assume that it‚Äôs legal because it‚Äôs in the lease.",17
"As a PSA, you can easily snake your own drain for like $30-50. It's not very hard and only take about a hour. There is almost nothing you can mess up, just watch a YT video and save yourself some money.",17
"do you use a screener or you have a list of stocks/ETFs that you consistently trade with? I am still learning from tasty and option alpha and it seems like ETF is preferred than individual stock. I'm at a loss because i look for major ETFs with high volume but those are high stock volume, not option volumes. and most of those ETFs are low IV.. can't really do the ""be the seller of high IV liquid underlying"" ...  Am I going at this the wrong way? how can i improve? thanks!",18
Can someone explain to me which Greek is the most important? I don‚Äôt know what theta means and I feel like I really should üòÖ,18
"If I've sold a covered call and the strike price has been breached, way before the option expiration date, do I get a notification from my trading platform (IBKR) to deliver the shares? and typically how much time do i have to deliver the underlying? Thanks.",18
Sold SPY 423/427 call spreads exp 11/10. Deep underwater and I can't get out or roll. Went all in. What are my options? Can't close. Can't roll. Just wait for expiry?,18
"Do you consider the speedometer on your car important? You don't look at it constantly. Most people only check it if they see a cop car near them, and then it is *super* important.

It's kind of the same with greeks, the importance of each greek is situational. Sometimes you care about delta, sometimes you don't. Sometimes theta is the most important, sometimes it isn't.

It's not hard to learn the basics of greeks. Here's a good ELI5 explainer: 

Video: https://www.youtube.com/watch?v=SFebmSYSZA8

Written: https://www.projectfinance.com/greeks-home/",18
The last month has been brutal for sellers like myself. 70% of the last month SPX has moved outside the expected daily move,19
Thank you,19
"Superb explanation! A genuine one thanks 
So according to this SPY would be around 428 ish",19
"I think nobody will sell you the option at $6.90 (with the stock at $0.33).

The open interest in that option (12/15 7.5 strike option) is 0.

The open interest in the 12/15 5 strike put is 0.

The open interest in the 12/15 2.5 strike put is 1.",20
"‚ÄúWould there be a reason for this to be a bad idea?‚Äù

Is there a reason why ‚Äòinvesting‚Äô in a money losing company that has only one single employee whose job is to sell vested stock options to goofballs who think this is a real company?

Is this a serious post?",20
"The short answer is: yes, but you won't get filled.

You can try, and I would suggest doing the entire thing as one transaction so you don't get screwed.  You should be able to post your put purchase and your stock purchase as one order.

You won't get filled because it's free money.  This sort of thing is one of the ways market makers make money, so they snap those up immediately when someone sells a put or call that is free money.  They can post hundreds or thousands of orders on both sides and just take the small amounts here and there when people want to exit or enter positions with low liquidity.

They also pay low or no fees for transactions or exercising.",20
"You‚Äôre asking ‚Äúif I can buy the stock for .33 and sell it .60 at the same time, should I do that?‚Äù  

As someone else pointed out, you‚Äôre not getting filled for 6.90. That‚Äôs below parity. Furthermore if you post a $6.90 bid with the stock .33, and (somehow) an order came in to sell them @6.90, 99.9% chance they would end up trading higher, as the MMs would step in front of you with a better bid.",20
[join.robinhood.com/michaet493](https://join.robinhood.com/michaet493),21
https://join.robinhood.com/jasonf1999,21
"http://join.robinhood.com/roym10

""What the fuck is this thing?""",21
http://join.robinhood.com/changk6,21
https://join.robinhood.com/quanber,21
"# Today is Friday, the 10th of November



## Upcoming events for Friday, November 10th

 - Stock splits:

    - XRTX @ **1:9**

 - Expected earnings:

  ADXN, AIRS, AKRO, AQN, ASNS, BIVI, BTCS, CEI, CELZ, CIA, CRESY, CREX, CWCO, CYTH, GBNY, HHGC, HSON, HUGE, IMVT, INM, INTG, INUV, LEDS, LGVN, MSEX, NMG, NXU, OCUP, OPHC, PRM, PYR, RGF, SCLX, SHCO, SQFT, SSIC, STNE, SUNW, USAS

 - Ex-div:

  AAPL, AARTY, AFG, AFG, ALSN, BFH, BFH, BPRN, CET, CEV, CEV, CHE, CIOXY, CLB, CLB, CLMB, CNA, CNA, CNS, COF, COR, COR, CRBG, CRBG, CVI, CVI, CVI, CVI, DK, DK, ECC, ECC, ECC, ECC, ECCC, ECCC, ECC^D, EIC, EIC, EICA, EICA, EICB, EVF, EVF, EVN, EVN, EVV, EVV, FIDS, GAM, GAM, GIC, GIC, GNE, GROW, GWW, GWW, HNNA, HPF, HPF, HPI, HPI, HPS, HPS, HTD, HTD, HTH, HTH, JEF, JEF, JHG, JHG, JSAIY, KNTK, KNTK, KRP, LYTS, MC, MRBK, MUR, MUR, OGN, OGN, OSK, OSK, PACW, PACWP, PAXS, PAXS, PCK, PCK, PCM, PCM, PCN, PCN, PCQ, PCQ, PDI, PDI, PDO, PDO, PDT, PDT, PFL, PFL, PFN, PFN, PFSI, PFSI, PGP, PGP, PH, PH, PHK, PHK, PMF, PMF, PML, PML, PMX, PMX, PNF, PNF, PNI, PNI, PTY, PTY, PXSAP, PYN, PYN, PZC, PZC, PZZA, RAMPF, RCS, RCS, RDUS, RNGR, RNGR, ROK, ROK, RWAY, SD, SII, SII, SMBK, SSRM, STK, TBLD, TROX, TROX, TSBK, TX, TX, UAN, UAN, UI, UPS, UPS, VMC, VMC, WRK, WRK

 - Economic events and announcements:

    - CFTC Aluminium speculative net positions (previous: 7.1K)
    - CFTC Copper speculative net positions (previous: -17.2K)
    - CFTC Corn speculative net positions (previous: -87.7K)
    - CFTC Crude Oil speculative net positions (previous: 262.3K)
    - CFTC Gold speculative net positions (previous: 163.4K)
    - CFTC Nasdaq 100 speculative net positions (previous: 6.7K)
    - CFTC Natural Gas speculative net positions (previous: -54.7K)
    - CFTC S&P 500 speculative net positions (previous: 4.3K)
    - CFTC Silver speculative net positions (previous: 20.2K)
    - CFTC Soybeans speculative net positions (previous: 16.3K)
    - CFTC Wheat speculative net positions (previous: -69.6K)
    - FOMC Member Bostic Speaks
    - Fed Logan Speaks
    - IBD/TIPP Economic Optimism (consensus: 40.2, previous: 36.3)
    - Michigan 1-Year Inflation Expectations (previous: 4.2%)
    - Michigan 5-Year Inflation Expectations (previous: 3.0%)
    - Michigan Consumer Expectations (consensus: 59.5, previous: 59.3)
    - Michigan Consumer Sentiment (consensus: 63.7, previous: 63.8)
    - Michigan Current Conditions (consensus: 69.5, previous: 70.6)
    - U.S. Baker Hughes Oil Rig Count (previous: 496)
    - U.S. Baker Hughes Total Rig Count (previous: 618)

## Upcoming events for Saturday, November 11th

 - Economic events and announcements:

    - CFTC Aluminium speculative net positions (previous: 7.1K)
    - CFTC Copper speculative net positions (previous: -17.2K)
    - CFTC Corn speculative net positions (previous: -87.7K)
    - CFTC Crude Oil speculative net positions (previous: 262.3K)
    - CFTC Gold speculative net positions (previous: 163.4K)
    - CFTC Nasdaq 100 speculative net positions (previous: 6.7K)
    - CFTC Natural Gas speculative net positions (previous: -54.7K)
    - CFTC S&P 500 speculative net positions (previous: 4.3K)
    - CFTC Silver speculative net positions (previous: 20.2K)
    - CFTC Soybeans speculative net positions (previous: 16.3K)
    - CFTC Wheat speculative net positions (previous: -69.6K)
    - FOMC Member Bostic Speaks
    - Fed Logan Speaks
    - IBD/TIPP Economic Optimism (consensus: 40.2, previous: 36.3)
    - Michigan 1-Year Inflation Expectations (previous: 4.2%)
    - Michigan 5-Year Inflation Expectations (previous: 3.0%)
    - Michigan Consumer Expectations (consensus: 59.5, previous: 59.3)
    - Michigan Consumer Sentiment (consensus: 63.7, previous: 63.8)
    - Michigan Current Conditions (consensus: 69.5, previous: 70.6)
    - U.S. Baker Hughes Oil Rig Count (previous: 496)
    - U.S. Baker Hughes Total Rig Count (previous: 618)

## Upcoming events for Monday, November 13th

 - Stock splits:

    - TCBP @ **1:10**

 - Expected earnings:

  AACG, AAIC, ABEO, ABL, ABOS, ABVC, ACBA, ACER, ACIC, ACLX, ACM, ACOR, ACST, ACTG, ADIL, ADTX, AEI, AFYA, AIHS, AIMD, AIRI, AKTS, ALBT, ALLK, ALLR, ALPN, ALUR, AMPE, AMPG, AMPS, AMS, AMTI, APRN, ASST, ASTR, ASTS, ASUR, ATEX, ATNM, ATOS, ATXG, ATXS, AUVI, AVTE, AVTX, AWH, AYTU, AZ, AZTA, AZTR, BAER, BATL, BBLG, BGLC, BGXX, BIAF, BIOR, BRTX, BSGM, BTCY, BTDR, BTM, BWEN, CAAS, CAN, CARA, CARM, CARV, CBL, CDZI, CEAD, CELC, CETY, CFRX, CING, CISO, CLOE, CLSD, CMCT, COCP, COSM, CPHI, CPLP, CREG, CRT, CRVO, CSAN, CSSE, CUE, CXAI, CYBN, CYCC, DAC, DATS, DBGI, DCTH, DFLI, DGHI, DGLY, DLPN, DMAC, DMK, DSS, DTI, DTSS, EARN, EDBL, EFSH, EFTR, ELDN, ELSE, ELTX, ELUT, ELYM, EMX, ENSC, ENVB, ERNA, EU, EVAX, EVLO, EVTV, EYEN, FAZE, FBIO, FBRX, FENG, FFIE, FINV, FKWL, FONR, FSEA, FSI, FSR, FTRE, FUV, FWBI, GALT, GAN, GENI, GHSI, GLAD, GMBL, GNLX, GNPX, GRCL, GREE, GRND, GRNQ, GROM, GRVY, GURE, GVP, GWAV, HALL, HARP, HCDI, HCWB, HEPA, HHLA, HIVE, HOFV, HOUR, HROW, HSAI, HSIC, HTCR, ICAD, ICCC, ICMB, ICU, ICVX, IKNA, IMCC, IMMR, IMNM, IMPL, INBX, INPX, INTS, INVO, IONM, IPDN, ITRG, IVDA, JAN, JRSH, JTAI, KBNT, KEP, KERN, KGEI, KITT, KMDA, KSCP, KT, LANV, LATG, LGL, LIBY, LICY, LIPO, LPL, LPTX, LU, LUCD, LUNR, LWAY, MAG, MARK, MARPS, MBIO, MBOT, MBRX, MCOM, MDAI, MDIA, MDV, MDWT, MEDS, MEIP, MFG, MGIC, MICS, MIGI, MIRO, MITQ, MKFG, MLTX, MMV, MNDY, MODD, MOTS, MOVE, MPTI, MPU, MRDB, MSN, MTR, MUFG, MVLA, NABL, NAK, NAOV, NEXI, NHWK, NICK, NIR, NLTX, NNVC, NOGN, NOVV, NRBO, NSTS, NTBL, NTIC, NU, NVGS, NVIV, NXGL, NXPL, NXTP, NYX, OCFT, OCTO, OGEN, OMQS, OPA, OPAL, ORTX, OTLK, OWLT, OXUS, PALI, PBFS, PBT, PCYO, PED, PEV, PLAG, PLSE, PMN, PNT, POET, POLA, PROC, PROK, PRSO, PRT, PSHG, PTIX, PTN, PVL, PW, PXS, QUBT, RBOT, RCRT, REBN, RIOT, RLX, RLYB, RNAZ, RNXT, ROIV, RUM, RVP, RVPH, SA, SALM, SASI, SBET, SBEV, SBFM, SBLK, SEZL, SGBX, SHAP, SHOT, SID, SIEB, SISI, SJT, SKIN, SLF, SLND, SLS, SMFG, SMFL, SMTI, SNAL, SNDL, SNFCA, SNMP, SNOA, SOBR, SOHU, SONM, SONN, SPI, SPRO, SSNT, SST, STRS, STRW, SVFD, SVT, TAIT, TBIO, TBLT, TCBS, TCRT, TIL, TIO, TMBR, TNXP, TOVX, TPHS, TRKA, TRMR, TSEM, TSN, TSP, TSVT, TTNP, TXMD, UAMY, UNCY, UTRS, VANI, VCNX, VEEE, VERB, VERY, VEV, VGAS, VINE, VIRI, VNRX, VRDN, VS, VTAK, WINT, WKSP, WORX, WTER, WULF, WVVI, XAIR, XCUR, XELA, XELB, XGN, XPER, XWEL, YALA, YMAB, YOSH, YS, ZOM, ZTEK, ZURA

 - Ex-div:

  AIRTP, AMSYF, AMTB, AMTB, APEMY, ASIX, AWK, AWK, BLMN, CCD, CGO, CHI, CHRD, CHW, CHY, CLAR, CLPR, CNBA, CNXN, COP, COP, CPZ, CSQ, CWBC, EAD, EAD, EGLE, ERC, ERC, ERH, ERH, ETR, ETR, FINN, FMBM, FTAI, HR, HR, HTLF, JRSH, KBCSY, KEFI, MCBC, MSM, MSM, MT, MT, NHTC, NRP, PAYX, RGA, STOHF, TKR, TNK, TNK, UTL, UTL, WBA, WEC, WEC, WELL, WELL, WELPP

 - Economic events and announcements:

    - 1-Year Consumer Inflation Expectations (previous: 3.70%)
    - 3-Month Bill Auction (previous: 5.285%)
    - 6-Month Bill Auction (previous: 5.260%)
    - Crude Oil Imports (previous: 0.348M)
    - Crude Oil Inventories (previous: 0.774M)
    - Cushing Crude Oil Inventories (previous: 0.272M)
    - Distillate Fuel Production (previous: -0.153M)
    - EIA Refinery Crude Runs  (previous: 0.062M)
    - EIA Weekly Distillates Stocks (previous: -0.792M)
    - EIA Weekly Refinery Utilization Rates (previous: -0.2%)
    - Federal Budget Balance (consensus: -58.5B, previous: -171.0B)
    - Gasoline Inventories (previous: 0.065M)
    - Gasoline Production (previous: -0.330M)
    - Heating Oil Stockpiles (previous: 0.304M)
    - OPEC Monthly Report

^^^^2023-11-10",22
It‚Äôs mostly just idiots who don‚Äôt understand how markets work and that their Hail Mary orders will never ever ever get filled. These are the same people who think ‚Äúhedgies‚Äù are manipulating markets.,23
"# Today is Thursday, the  9th of November



## Upcoming events for Thursday, November  9th

 - Expected earnings:

  AAOI, ACB, ACDC, ACHR, ACHV, ADPT, ADVM, AEG, AEZS, AGAE, AGE, AGIL, AGLE, AGRX, AIRG, AIRT, AKLI, ALDX, ALRM, AMLX, AMPX, AMS, AMTX, ANEB, ANNX, ANY, APCX, APTO, APVO, APYX, ARAV, ARL, ARLO, ASTC, ASTI, ATAI, ATHA, ATNF, ATXI, AUMN, AURA, AVAH, AVPT, AWX, AXDX, AYRO, AZN, AZUL, BAER, BBD, BBDC, BBDO, BCEL, BDX, BEEM, BFRI, BHIL, BHM, BIOL, BKTI, BLEU, BLFS, BLNK, BN, BNRE, BNTC, BOC, BOLT, BPT, BRAG, BRCC, BRLT, BRNS, BSQR, BTTR, BUR, BURU, BW, BWV, BYU, CABA, CADL, CAE, CALC, CANO, CATX, CBAT, CBUS, CCF, CCOI, CCSI, CELU, CEPU, CGC, CHCI, CIO, CION, CLFD, CLMT, CLNE, CLPT, CLVR, CMAX, CMCL, CMMB, CMPO, CMRA, CNFR, CNSP, CNTA, CNTY, CODX, COMM, CPHC, CPRI, CPTN, CRDL, CRKN, CTGO, CTHR, CTLP, CTRE, CTSO, CULL, CURI, CVKD, CWD, CXDO, CYCN, DARE, DBD, DCBO, DDS, DESP, DGII, DM, DNN, DNTH, DNUT, DOCS, DOMH, DPRO, DRCT, DRMA, DSGN, DSKE, DV, DWSN, DXPE, DXYN, DYNT, EAR, ECBK, ECX, EDAP, EFOI, EIGR, ENTX, EPC, EPSN, EQRX, ESEA, ESP, ETNB, ETON, EVA, EVBG, EVLV, EWTX, EXAI, EYE, FA, FARM, FEMY, FF, FGH, FIXX, FLO, FLUX, FNCH, FORA, FPAY, FREE, FREY, FRTX, FTLF, FURY, FVRR, GANX, GBIO, GBR, GDOT, GDRX, GHRS, GLP, GLUE, GOCO, GOSS, GRAB, GRI, GRNT, GROV, GROW, GRPN, GRTS, GSL, GWRS, HBI, HCTI, HE, HFFG, HGBL, HHS, HIMX, HLVX, HOLO, HOLX, HOOK, HOTH, HOWL, HSDT, HUMA, HUT, HYFM, HYPR, IAG, IBEX, IGMS, IHRT, ILMN, IMRX, IMUX, INAB, INDI, INDV, INKT, INO, IOR, IPSC, IRON, IRWD, ISDR, ITI, ITP, IVVD, JCI, JSPR, JYNT, KELYA, KELYB, KIQ, KNTE, KOPN, KORE, KRT, KZR, LABP, LAW, LCAA, LCTX, LCUT, LEGH, LFCR, LFLY, LFVN, LGF.A, LGF.B, LGMK, LI, LIAN, LIDR, LIFE, LILA, LILAK, LIQT, LNSR, LNW, LNZA, LPTH, LRMR, LUCY, LVO, LWLG, MAQC, MBRX, MDRX, MDVL, MGTX, MINM, MIST, MKTW, MNOV, MNPR, MNTK, MODN, MOGO, MPAA, MRKR, MT, MTA, MTD, MTEM, MTSI, MUX, MVO, MVST, MYMD, NBY, NEON, NEOV, NEXT, NFGC, NGL, NIO, NNOX, NOMD, NTLA, NUVL, NVAX, NVMI, NVTS, NWS, NWSA, NXL, NYC, OABI, OBIO, OBLG, OCGN, OCX, OLK, OMER, ONCT, ONL, ONTO, ONVO, OPFI, OPGN, OPTN, ORGN, ORGO, ORGS, ORLA, ORMP, OSA, OSS, OTLY, OUST, OZ, PAR, PASG, PBBK, PBLA, PBR, PBR.A, PCTI, PEGY, PEPG, PETV, PFIN, PHI, PHIO, PHUN, PKST, PLBY, PLUG, PLUR, PNBK, PODC, POWW, PPTA, PRE, PRPH, PRPL, PRPO, PRTH, PSTX, PULM, PWFL, PX, PZG, QBTS, QSI, RAIN, RANI, RAPT, RAVE, RBA, RBC, RCEL, RCI, RCMT, RDNT, REAX, REVB, RGLS, RGTI, RILY, RKDA, RLGT, RPAY, RSSS, RXST, SANW, SBR, SBS, SCSC, SCX, SDOT, SDPI, SEEL, SELB, SELF, SENS, SGE, SGHC, SHCR, SIEN, SKE, SKYH, SKYX, SLDB, SLGL, SLI, SLN, SLRX, SLVM, SMID, SMLR, SN, SNES, SNGX, SNPX, SNTI, SOHO, SONY, SOUN, SPH, SPRB, SPRU, SRTS, STN, STNG, STTK, STXS, SVM, SVRA, SVV, SWKH, SYBX, SYNA, SYTA, TACT, TARS, TAST, TCBC, TCI, TCON, TDG, TELA, TENX, TGAN, THM, THMO, THRX, TKNO, TLIS, TLS, TMC, TMCI, TNGX, TNYA, TOMZ, TPC, TPR, TRMD, TRML, TRT, TRVI, TSQ, TTD, TTOO, TUSK, TWOU, U, UGRO, UHG, UONE, UONEK, UP, URGN, USEA, USEG, USFD, UTZ, VALN, VATE, VAXX, VBFC, VBIV, VERX, VINC, VIRX, VOC, VRCA, VRRM, VSTM, VTGN, VTRU, VTVT, VTYX, VUZI, VVV, VYNE, VYX, VZIO, WATT, WB, WBX, WD, WE, WEST, WF, WFCF, WHF, WHLM, WIX, WMC, WPM, WRAP, WRK, WVE, WWW, WYNN, XBIO, XERS, XFOR, XMTR, XOS, XPON, XRTX, XTNT, YETI, YPF

 - Ex-div:

  AEP, AMX, ASTE, AUB, BFIN, BP, BRKL, BSET, BUR, BWFG, CDR^B, CDR^C, CMCO, DALN, DAN, EBMT, EBTC, FATBP, FCBC, FNWB, FRBA, FRST, GABC, HON, HSBC, IBM, IVZ, JBHT, KIO, LAD, LGI, LPX, MAS, MKTW, MPB, MPX, MTDR, NXST, OPY, PAG, PFC, PFS, PPG, RELL, RES, ROL, SBFG, SBUX, SCHW, SON, SSB, TAIT, TECH, TFC, TFC^I, TFC^O, TFC^R, VBTX, WLKP, WTRG

 - Economic events and announcements:

    - 30-Year Bond Auction (previous: 4.837%)
    - 4-Week Bill Auction (previous: 5.290%)
    - 8-Week Bill Auction (previous: 5.300%)
    - Continuing Jobless Claims (consensus: 1,820K, previous: 1,818K)
    - FOMC Member Barkin Speaks
    - FOMC Member Bostic Speaks
    - Fed Chair Powell Speaks
    - Fed's Balance Sheet (previous: 7,867B)
    - IBD/TIPP Economic Optimism (consensus: 40.2, previous: 36.3)
    - Initial Jobless Claims (consensus: 215K, previous: 217K)
    - Jobless Claims 4-Week Avg. (previous: 210.00K)
    - Natural Gas Storage (previous: 79B)
    - Reserve Balances with Federal Reserve Banks (previous: 3.315T)
    - WASDE Report

## Upcoming events for Friday, November 10th

 - Expected earnings:

  AC, ADXN, AIRS, AKRO, AQN, ASNS, BIVI, BTCS, CEI, CELZ, CIA, CRESY, CREX, CWCO, CYTH, GBNY, HHGC, HSON, HUGE, IMVT, INM, INTG, INUV, LEDS, LGVN, MSEX, NMG, NXU, OCUP, OPHC, PRM, PYR, RGF, SCLX, SHCO, SQFT, SSIC, STNE, SUNW, TEF, USAS

 - Ex-div:

  AAPL, AARTY, AFG, AFG, ALSN, BFH, BFH, BPRN, CET, CEV, CEV, CHE, CIOXY, CLB, CLB, CLMB, CNA, CNA, CNS, COF, COR, COR, CRBG, CRBG, CVI, CVI, CVI, CVI, DK, DK, ECC, ECC, ECC, ECC, ECCC, ECCC, ECC^D, EIC, EIC, EICA, EICA, EICB, EVF, EVF, EVN, EVN, EVV, EVV, FIDS, GAM, GAM, GIC, GIC, GNE, GROW, GWW, GWW, HNNA, HPF, HPF, HPI, HPI, HPS, HPS, HTD, HTD, HTH, HTH, JEF, JEF, JHG, JHG, JSAIY, KNTK, KNTK, KRP, LYTS, MC, MRBK, MUR, MUR, OGN, OGN, OSK, OSK, PACW, PACWP, PAXS, PAXS, PCK, PCK, PCM, PCM, PCN, PCN, PCQ, PCQ, PDI, PDI, PDO, PDO, PDT, PDT, PFL, PFL, PFN, PFN, PFSI, PFSI, PGP, PGP, PH, PH, PHK, PHK, PMF, PMF, PML, PML, PMX, PMX, PNF, PNF, PNI, PNI, PTY, PTY, PXSAP, PYN, PYN, PZC, PZC, PZZA, RCS, RCS, RDUS, RNGR, RNGR, ROK, ROK, RWAY, SD, SII, SII, SMBK, SSRM, STK, TBLD, TROX, TROX, TSBK, TX, TX, UAN, UAN, UI, UPS, UPS, VMC, VMC, WRK, WRK

 - Economic events and announcements:

    - CFTC Aluminium speculative net positions (previous: 7.1K)
    - CFTC Copper speculative net positions (previous: -17.2K)
    - CFTC Corn speculative net positions (previous: -87.7K)
    - CFTC Crude Oil speculative net positions (previous: 262.3K)
    - CFTC Gold speculative net positions (previous: 163.4K)
    - CFTC Nasdaq 100 speculative net positions (previous: 6.7K)
    - CFTC Natural Gas speculative net positions (previous: -54.7K)
    - CFTC S&P 500 speculative net positions (previous: 4.3K)
    - CFTC Silver speculative net positions (previous: 20.2K)
    - CFTC Soybeans speculative net positions (previous: 16.3K)
    - CFTC Wheat speculative net positions (previous: -69.6K)
    - Fed Logan Speaks
    - Michigan 1-Year Inflation Expectations (previous: 4.2%)
    - Michigan 5-Year Inflation Expectations (previous: 3.0%)
    - Michigan Consumer Expectations (previous: 59.3)
    - Michigan Consumer Sentiment (consensus: 64.0, previous: 63.8)
    - Michigan Current Conditions (previous: 70.6)
    - U.S. Baker Hughes Oil Rig Count (previous: 496)
    - U.S. Baker Hughes Total Rig Count (previous: 618)

## Upcoming events for Saturday, November 11th

 - Economic events and announcements:

    - FOMC Member Bostic Speaks

^^^^2023-11-09",24
"I go for dividends strat, started about 2  1/2 years ago, got around 19K in it. Any suggestion or comment is welcomed :)  
ET - 34%  
LIF - 15%  
ENB - 7.9%  
HR.UN - 6.6%  
GOGL - 5.2%  
MFC - 4.9%  
TRP - 4.1%  
BNS - 3.9%  
BCE - 3.2%  
NEWT - 2.5%  
SBLK - 2.2%  
QYLD - 2.2%  
TYG - 1.9%  
TPZ - 1.4%  
JEPQ - 1.3%  
PPL - 1.3%  
CPX - 1%",25
"The highest price target on NVDA is $1100, the median price target is $625 and the lowest price target is $535, which is $80 ABOVE the current stock price of $455. [https://www.marketwatch.com/investing/stock/nvda/analystestimates](https://www.marketwatch.com/investing/stock/nvda/analystestimates).

 Buying NVDA now is an absolute no-brainer.",25
"Investing Strategy: Charlie Munger style: just buy and sit on my ass investing for long term. Just the most profitable companies for long term growth. 

Investing timeline: 5 to 10 years

&#x200B;

My portfolio has few dozen stocks so I'll just share the top 15.

This combo has amazing low volatilty and above market return.

I have a low allocation to banks because of risk of write down and slow growth. I bought FCNCA as a vote of confidence for their amazing risk management. They stay disciplined and wait for other banks to get in trouble and buy at huge discount, clean up their mess and fix their risky behaviour.  The management reminds of me of Warren Buffett !

&#x200B;

Ticker	Allocation(%)

MANH	6.47%

CDNS	6.40%

QLYS	6.39%

SNPS	6.38%

NVO	6.31%

MEDP	6.17%

AZO	3.48%

FCNCA	1.93%

FICO	1.38%

AVGO	1.30%

ORLY	1.28%

WINA	1.16%

PH	        1.15%

FN    	1.13%

LULU	1.12%",25
"My portfolio is bad right now but I might as well share it, currently 14 and trying to make some money.

Silver 71.22% 34oz or $810.22

SCHG 38.78% $327.35",25
Be careful with companies that have very high debt and low cash. You have to understand why they have the debt and what they use it for. For instance ENB has market cap of around $66B and debt of $67B. This is very high leverage and the interest rates are getting higher. What did they need the money for? Can they keep paying such a high dividend? And many more questions you should find answers for to evaluate the investment.,25
"I've later regretted every time that I sold it, but on the other hand, I've recovered my initial investment at least 3 or 4 times.   Still hold a fair stake.   To the moon!",26
Sold my position at an average of $312. This is why it‚Äôs up.,26
They can even de-throne Apple in case AI hype continues.,26
"In time, Microsoft will be more valuable than Apple.",26
"Is it hype though?

I‚Äôm not so sure, I just watched an international chess master play ChatGPT 4, he won, but only just and they had an ongoing conversation about the game. I‚Äôm still processing what I just saw.",26
"My sympathy to shareholders in pain, hopefully today's low of day is the bottom",27
They have a going concern issue meaning bankruptcy might be close. Be careful how much you put in here. Might be losing it all.,27
Isn‚Äôt this an example of ‚Äòcatching a falling knife.‚Äô,27
"144,625,410 short shares which is 26% of the float.  
Every share that was shorted from near the top has paid the short at least $60. So, if it was 100k short starting near the top, the short made $6,000,000. The price would have to hit $60 before it would even look like a problem to the short seller.  
There is way more money running pump and dumps than there ever will be investing.",27
The company said they‚Äôre running out of money - the bottom for this company is zero unless they get purchased,27
I seen this deal in another post but this seems like an interesting deal for them,28
Ofc their CEO is showing enthusiasm lmao,28
I've been following this deal the last month or so when I seen that they finally pulled the trigger on this I was pretty impressed. Really thought it would be a sale but nonetheless cant complain,28
45m units over three years is a really solid deal,28
"That's fine for right now since FXAX is the  Fidelity 500 Index Fund.. 

Sounds like you are focused and on the right track at a young age. 

Also get a retirement account from your place of employment if they offer a match.. Never leave money on the table..

Best to you",30
Look to getting some silver (1 oz. coin or round). Check out Lynette Zang or Peter Schiff on Youtube.,30
Great job starting so early! Starting early makes a huge difference in the long run.,30
"You can always find companies that are discounted, it takes time, effort and learning  https://youtu.be/A8eTVY-tUZE",31
You should invest in Enron,31
